{"mean": [0.1545172482728958, 0.1545172482728958, 0.1545172482728958], "std": [0.1720396727323532, 0.1720396727323532, 0.1720396727323532]}